region,year,lat,long,net_forest_conversion,color
Africa de nord,1980.0,25.0,9.333333333333334,42397.41509537215,#00ff2a
Africa de nord,1981.0,25.0,9.333333333333334,42388.74359879714,#00ff2a
Africa de nord,1982.0,25.0,9.333333333333334,42380.079244133565,#00ff2a
Africa de nord,1983.0,25.0,9.333333333333334,42371.42203105769,#00ff2b
Africa de nord,1984.0,25.0,9.333333333333334,42362.771959219135,#00ff2b
Africa de nord,1985.0,25.0,9.333333333333334,42354.12902826262,#00ff2b
Africa de nord,1986.0,25.0,9.333333333333334,42345.493237809045,#00ff2b
Africa de nord,1987.0,25.0,9.333333333333334,42336.86458746178,#00ff2b
Africa de nord,1988.0,25.0,9.333333333333334,42328.2430768144,#00ff2c
Africa de nord,1989.0,25.0,9.333333333333334,42319.628705438736,#00ff2c
Africa de nord,1990.0,25.0,9.333333333333334,42311.02147288983,#00ff2c
Africa de nord,1991.0,25.0,9.333333333333334,42302.42137870727,#00ff2c
Africa de nord,1992.0,25.0,9.333333333333334,42293.82842241457,#00ff2c
Africa de nord,1993.0,25.0,9.333333333333334,42285.242603516286,#00ff2c
Africa de nord,1994.0,25.0,9.333333333333334,42276.66392150579,#00ff2d
Africa de nord,1995.0,25.0,9.333333333333334,42268.092375851906,#00ff2d
Africa de nord,1996.0,25.0,9.333333333333334,42259.527966017864,#00ff2d
Africa de nord,1997.0,25.0,9.333333333333334,42250.97069144096,#00ff2d
Africa de nord,1998.0,25.0,9.333333333333334,42242.420551545896,#00ff2d
Africa de nord,1999.0,25.0,9.333333333333334,42233.877545741925,#00ff2e
Africa de nord,2000.0,25.0,9.333333333333334,42225.34167342361,#00ff2e
Africa de nord,2001.0,25.0,9.333333333333334,42216.81293396518,#00ff2e
Africa de nord,2002.0,25.0,9.333333333333334,42208.29132672615,#00ff2e
Africa de nord,2003.0,25.0,9.333333333333334,42199.77685105133,#00ff2e
Africa de nord,2004.0,25.0,9.333333333333334,42191.2695062694,#00ff2e
Africa de nord,2005.0,25.0,9.333333333333334,42182.769291690114,#00ff2f
Africa de nord,2006.0,25.0,9.333333333333334,42174.27620661834,#00ff2f
Africa de nord,2007.0,25.0,9.333333333333334,42165.79025032461,#00ff2f
Africa de nord,2008.0,25.0,9.333333333333334,42157.31142207663,#00ff2f
Africa de nord,2009.0,25.0,9.333333333333334,42148.839721131604,#00ff2f
Africa de nord,2010.0,25.0,9.333333333333334,42140.37514670892,#00ff2f
Africa de nord,2011.0,25.0,9.333333333333334,42131.91769803983,#00ff30
Africa de nord,2012.0,25.0,9.333333333333334,42123.4673743185,#00ff30
Africa de nord,2013.0,25.0,9.333333333333334,42115.02417473485,#00ff30
Africa de nord,2014.0,25.0,9.333333333333334,42106.5880984599,#00ff30
Africa de nord,2015.0,25.0,9.333333333333334,42098.15914464715,#00ff30
Africa de nord,2016.0,25.0,9.333333333333334,42089.73731243888,#00ff31
Africa de nord,2017.0,25.0,9.333333333333334,42081.32260095987,#00ff31
Africa de nord,2018.0,25.0,9.333333333333334,42072.915009324366,#00ff31
Africa de nord,2019.0,25.0,9.333333333333334,42064.51453661579,#00ff31
Africa de nord,2020.0,25.0,9.333333333333334,42056.12118192247,#00ff31
Africa de nord,2021.0,25.0,9.333333333333334,42047.734944308206,#00ff31
Africa de nord,2022.0,25.0,9.333333333333334,42039.35582281508,#00ff32
Africa de nord,2023.0,25.0,9.333333333333334,42030.98381648517,#00ff32
Africa de nord,2024.0,25.0,9.333333333333334,42022.618924330425,#00ff32
Africa de nord,2025.0,25.0,9.333333333333334,42014.26114535858,#00ff32
Africa de nord,2026.0,25.0,9.333333333333334,42005.91047855706,#00ff32
Africa de nord,2027.0,25.0,9.333333333333334,41997.56692289857,#00ff32
Africa de nord,2028.0,25.0,9.333333333333334,41989.2304773432,#0f3
Africa de nord,2029.0,25.0,9.333333333333334,41980.901140838425,#0f3
Africa de nord,2030.0,25.0,9.333333333333334,41972.5789123079,#0f3
Africa centrala,1980.0,2.0625,1.09375,39171.55950067451,#00ff6d
Africa centrala,1981.0,2.0625,1.09375,39167.31535788118,#00ff6e
Africa centrala,1982.0,2.0625,1.09375,39163.072945967164,#00ff6e
Africa centrala,1983.0,2.0625,1.09375,39158.83226929812,#00ff6e
Africa centrala,1984.0,2.0625,1.09375,39154.59333222147,#00ff6e
Africa centrala,1985.0,2.0625,1.09375,39150.35613906154,#00ff6e
Africa centrala,1986.0,2.0625,1.09375,39146.12069414334,#00ff6e
Africa centrala,1987.0,2.0625,1.09375,39141.88700175684,#00ff6e
Africa centrala,1988.0,2.0625,1.09375,39137.655066192725,#00ff6e
Africa centrala,1989.0,2.0625,1.09375,39133.42489172414,#00ff6e
Africa centrala,1990.0,2.0625,1.09375,39129.19648260042,#00ff6e
Africa centrala,1991.0,2.0625,1.09375,39124.969843068095,#00ff6e
Africa centrala,1992.0,2.0625,1.09375,39120.74497734847,#00ff6f
Africa centrala,1993.0,2.0625,1.09375,39116.52188965653,#00ff6f
Africa centrala,1994.0,2.0625,1.09375,39112.30058418345,#00ff6f
Africa centrala,1995.0,2.0625,1.09375,39108.08106510919,#00ff6f
Africa centrala,1996.0,2.0625,1.09375,39103.863336612296,#00ff6f
Africa centrala,1997.0,2.0625,1.09375,39099.64740282929,#00ff6f
Africa centrala,1998.0,2.0625,1.09375,39095.43326790649,#00ff6f
Africa centrala,1999.0,2.0625,1.09375,39091.220935959376,#00ff6f
Africa centrala,2000.0,2.0625,1.09375,39087.01041109925,#00ff6f
Africa centrala,2001.0,2.0625,1.09375,39082.80169741986,#00ff6f
Africa centrala,2002.0,2.0625,1.09375,39078.59479899676,#00ff6f
Africa centrala,2003.0,2.0625,1.09375,39074.38971989288,#00ff70
Africa centrala,2004.0,2.0625,1.09375,39070.18646415784,#00ff70
Africa centrala,2005.0,2.0625,1.09375,39065.98503582655,#00ff70
Africa centrala,2006.0,2.0625,1.09375,39061.78543891847,#00ff70
Africa centrala,2007.0,2.0625,1.09375,39057.5876774349,#00ff70
Africa centrala,2008.0,2.0625,1.09375,39053.391755371485,#00ff70
Africa centrala,2009.0,2.0625,1.09375,39049.19767670006,#00ff70
Africa centrala,2010.0,2.0625,1.09375,39045.00544538405,#00ff70
Africa centrala,2011.0,2.0625,1.09375,39040.815065373565,#00ff70
Africa centrala,2012.0,2.0625,1.09375,39036.6265405977,#00ff70
Africa centrala,2013.0,2.0625,1.09375,39032.439874975746,#00ff70
Africa centrala,2014.0,2.0625,1.09375,39028.25507241014,#00ff70
Africa centrala,2015.0,2.0625,1.09375,39024.072136790746,#00ff71
Africa centrala,2016.0,2.0625,1.09375,39019.89107199269,#00ff71
Africa centrala,2017.0,2.0625,1.09375,39015.711881883406,#00ff71
Africa centrala,2018.0,2.0625,1.09375,39011.53457030017,#00ff71
Africa centrala,2019.0,2.0625,1.09375,39007.359141080284,#00ff71
Africa centrala,2020.0,2.0625,1.09375,39003.18559804422,#00ff71
Africa centrala,2021.0,2.0625,1.09375,38999.01394498793,#00ff71
Africa centrala,2022.0,2.0625,1.09375,38994.84418571225,#00ff71
Africa centrala,2023.0,2.0625,1.09375,38990.676323983724,#00ff71
Africa centrala,2024.0,2.0625,1.09375,38986.51036356955,#00ff71
Africa centrala,2025.0,2.0625,1.09375,38982.34630821592,#00ff71
Africa centrala,2026.0,2.0625,1.09375,38978.18416165502,#00ff72
Africa centrala,2027.0,2.0625,1.09375,38974.02392761063,#00ff72
Africa centrala,2028.0,2.0625,1.09375,38969.86560978339,#00ff72
Africa centrala,2029.0,2.0625,1.09375,38965.709211866226,#00ff72
Africa centrala,2030.0,2.0625,1.09375,38961.554737538776,#00ff72
America de sud,1980.0,-12.909090909090908,-63.95454545454545,22853.509091472526,#003cff
America de sud,1981.0,-12.909090909090908,-63.95454545454545,22871.671532754004,#003cff
America de sud,1982.0,-12.909090909090908,-63.95454545454545,22889.80830990298,#003cff
America de sud,1983.0,-12.909090909090908,-63.95454545454545,22907.919451007492,#003dff
America de sud,1984.0,-12.909090909090908,-63.95454545454545,22926.00498415981,#003dff
America de sud,1985.0,-12.909090909090908,-63.95454545454545,22944.064937429754,#003eff
America de sud,1986.0,-12.909090909090908,-63.95454545454545,22962.099338895572,#003eff
America de sud,1987.0,-12.909090909090908,-63.95454545454545,22980.10821662079,#003eff
America de sud,1988.0,-12.909090909090908,-63.95454545454545,22998.091598664723,#003fff
America de sud,1989.0,-12.909090909090908,-63.95454545454545,23016.04951307759,#003fff
America de sud,1990.0,-12.909090909090908,-63.95454545454545,23033.981987911695,#003fff
America de sud,1991.0,-12.909090909090908,-63.95454545454545,23051.88905120324,#0040ff
America de sud,1992.0,-12.909090909090908,-63.95454545454545,23069.770730988424,#0040ff
America de sud,1993.0,-12.909090909090908,-63.95454545454545,23087.627055288023,#0040ff
America de sud,1994.0,-12.909090909090908,-63.95454545454545,23105.458052127724,#0041ff
America de sud,1995.0,-12.909090909090908,-63.95454545454545,23123.26374951569,#0041ff
America de sud,1996.0,-12.909090909090908,-63.95454545454545,23141.044175462892,#0042ff
America de sud,1997.0,-12.909090909090908,-63.95454545454545,23158.79935795998,#0042ff
America de sud,1998.0,-12.909090909090908,-63.95454545454545,23176.529325005307,#0042ff
America de sud,1999.0,-12.909090909090908,-63.95454545454545,23194.23410458041,#0043ff
America de sud,2000.0,-12.909090909090908,-63.95454545454545,23211.913724660524,#0043ff
America de sud,2001.0,-12.909090909090908,-63.95454545454545,23229.568213216673,#0043ff
America de sud,2002.0,-12.909090909090908,-63.95454545454545,23247.19759820517,#04f
America de sud,2003.0,-12.909090909090908,-63.95454545454545,23264.80190758863,#04f
America de sud,2004.0,-12.909090909090908,-63.95454545454545,23282.381169306547,#0045ff
America de sud,2005.0,-12.909090909090908,-63.95454545454545,23299.93541129842,#0045ff
America de sud,2006.0,-12.909090909090908,-63.95454545454545,23317.464661496022,#0045ff
America de sud,2007.0,-12.909090909090908,-63.95454545454545,23334.96894782204,#0046ff
America de sud,2008.0,-12.909090909090908,-63.95454545454545,23352.44829818863,#0046ff
America de sud,2009.0,-12.909090909090908,-63.95454545454545,23369.902740502355,#0046ff
America de sud,2010.0,-12.909090909090908,-63.95454545454545,23387.332302666968,#0047ff
America de sud,2011.0,-12.909090909090908,-63.95454545454545,23404.737012563797,#0047ff
America de sud,2012.0,-12.909090909090908,-63.95454545454545,23422.116898077682,#0047ff
America de sud,2013.0,-12.909090909090908,-63.95454545454545,23439.471987082947,#0048ff
America de sud,2014.0,-12.909090909090908,-63.95454545454545,23456.8023074434,#0048ff
America de sud,2015.0,-12.909090909090908,-63.95454545454545,23474.107887012346,#0049ff
America de sud,2016.0,-12.909090909090908,-63.95454545454545,23491.38875364168,#0049ff
America de sud,2017.0,-12.909090909090908,-63.95454545454545,23508.644935167187,#0049ff
America de sud,2018.0,-12.909090909090908,-63.95454545454545,23525.876459416246,#004aff
America de sud,2019.0,-12.909090909090908,-63.95454545454545,23543.083354211314,#004aff
America de sud,2020.0,-12.909090909090908,-63.95454545454545,23560.26564736436,#004aff
America de sud,2021.0,-12.909090909090908,-63.95454545454545,23577.42336667542,#004bff
America de sud,2022.0,-12.909090909090908,-63.95454545454545,23594.556539943842,#004bff
America de sud,2023.0,-12.909090909090908,-63.95454545454545,23611.66519494304,#004bff
America de sud,2024.0,-12.909090909090908,-63.95454545454545,23628.749359457644,#004cff
America de sud,2025.0,-12.909090909090908,-63.95454545454545,23645.809061247754,#004cff
America de sud,2026.0,-12.909090909090908,-63.95454545454545,23662.84432807137,#004dff
America de sud,2027.0,-12.909090909090908,-63.95454545454545,23679.855187674577,#004dff
America de sud,2028.0,-12.909090909090908,-63.95454545454545,23696.841667792956,#004dff
America de sud,2029.0,-12.909090909090908,-63.95454545454545,23713.80379615787,#004eff
America de sud,2030.0,-12.909090909090908,-63.95454545454545,23730.741600476173,#004eff
Asia de sud-vest,1980.0,30.778125,45.642341666666674,51332.611912872904,#91ff00
Asia de sud-vest,1981.0,30.778125,45.642341666666674,51311.66639532235,#90ff00
Asia de sud-vest,1982.0,30.778125,45.642341666666674,51290.74304014702,#90ff00
Asia de sud-vest,1983.0,30.778125,45.642341666666674,51269.84183396545,#8fff00
Asia de sud-vest,1984.0,30.778125,45.642341666666674,51248.96276337866,#8fff00
Asia de sud-vest,1985.0,30.778125,45.642341666666674,51228.105814967326,#8eff00
Asia de sud-vest,1986.0,30.778125,45.642341666666674,51207.27097528411,#8eff00
Asia de sud-vest,1987.0,30.778125,45.642341666666674,51186.458230862765,#8eff00
Asia de sud-vest,1988.0,30.778125,45.642341666666674,51165.6675682216,#8dff00
Asia de sud-vest,1989.0,30.778125,45.642341666666674,51144.89897385232,#8dff00
Asia de sud-vest,1990.0,30.778125,45.642341666666674,51124.15243422069,#8cff00
Asia de sud-vest,1991.0,30.778125,45.642341666666674,51103.42793578547,#8cff00
Asia de sud-vest,1992.0,30.778125,45.642341666666674,51082.72546496968,#8bff00
Asia de sud-vest,1993.0,30.778125,45.642341666666674,51062.04500818233,#8bff00
Asia de sud-vest,1994.0,30.778125,45.642341666666674,51041.38655181561,#8bff00
Asia de sud-vest,1995.0,30.778125,45.642341666666674,51020.75008223228,#8aff00
Asia de sud-vest,1996.0,30.778125,45.642341666666674,51000.13558578388,#8aff00
Asia de sud-vest,1997.0,30.778125,45.642341666666674,50979.54304879673,#89ff00
Asia de sud-vest,1998.0,30.778125,45.642341666666674,50958.972457572636,#89ff00
Asia de sud-vest,1999.0,30.778125,45.642341666666674,50938.42379840216,#8f0
Asia de sud-vest,2000.0,30.778125,45.642341666666674,50917.89705754716,#8f0
Asia de sud-vest,2001.0,30.778125,45.642341666666674,50897.39222125758,#87ff00
Asia de sud-vest,2002.0,30.778125,45.642341666666674,50876.90927576092,#87ff00
Asia de sud-vest,2003.0,30.778125,45.642341666666674,50856.448207262285,#87ff00
Asia de sud-vest,2004.0,30.778125,45.642341666666674,50836.00900194993,#86ff00
Asia de sud-vest,2005.0,30.778125,45.642341666666674,50815.59164598902,#86ff00
Asia de sud-vest,2006.0,30.778125,45.642341666666674,50795.19612553139,#85ff00
Asia de sud-vest,2007.0,30.778125,45.642341666666674,50774.82242670292,#85ff00
Asia de sud-vest,2008.0,30.778125,45.642341666666674,50754.47053561482,#85ff00
Asia de sud-vest,2009.0,30.778125,45.642341666666674,50734.14043836006,#84ff00
Asia de sud-vest,2010.0,30.778125,45.642341666666674,50713.83212101058,#84ff00
Asia de sud-vest,2011.0,30.778125,45.642341666666674,50693.545569612405,#83ff00
Asia de sud-vest,2012.0,30.778125,45.642341666666674,50673.28077020595,#83ff00
Asia de sud-vest,2013.0,30.778125,45.642341666666674,50653.0377088113,#82ff00
Asia de sud-vest,2014.0,30.778125,45.642341666666674,50632.81637141423,#82ff00
Asia de sud-vest,2015.0,30.778125,45.642341666666674,50612.61674400187,#82ff00
Asia de sud-vest,2016.0,30.778125,45.642341666666674,50592.438812529865,#81ff00
Asia de sud-vest,2017.0,30.778125,45.642341666666674,50572.28256294122,#81ff00
Asia de sud-vest,2018.0,30.778125,45.642341666666674,50552.14798116282,#80ff00
Asia de sud-vest,2019.0,30.778125,45.642341666666674,50532.03505309915,#80ff00
Asia de sud-vest,2020.0,30.778125,45.642341666666674,50511.94376463294,chartreuse
Asia de sud-vest,2021.0,30.778125,45.642341666666674,50491.874101639936,chartreuse
Asia de sud-vest,2022.0,30.778125,45.642341666666674,50471.826049972056,chartreuse
Asia de sud-vest,2023.0,30.778125,45.642341666666674,50451.799595463686,#7eff00
Asia de sud-vest,2024.0,30.778125,45.642341666666674,50431.79472393031,#7eff00
Asia de sud-vest,2025.0,30.778125,45.642341666666674,50411.811421171275,#7dff00
Asia de sud-vest,2026.0,30.778125,45.642341666666674,50391.849672969125,#7dff00
Asia de sud-vest,2027.0,30.778125,45.642341666666674,50371.90946509098,#7dff00
Asia de sud-vest,2028.0,30.778125,45.642341666666674,50351.99078328435,#7cff00
Asia de sud-vest,2029.0,30.778125,45.642341666666674,50332.09361327781,#7cff00
Asia de sud-vest,2030.0,30.778125,45.642341666666674,50312.217940784525,#7bff00
Asia centrala,1980.0,33.625,32.258325,48315.55243860992,#52ff00
Asia centrala,1981.0,33.625,32.258325,48298.75239076378,#51ff00
Asia centrala,1982.0,33.625,32.258325,48281.969430260644,#51ff00
Asia centrala,1983.0,33.625,32.258325,48265.20354813584,#51ff00
Asia centrala,1984.0,33.625,32.258325,48248.45473540509,#50ff00
Asia centrala,1985.0,33.625,32.258325,48231.72298305959,#50ff00
Asia centrala,1986.0,33.625,32.258325,48215.00828208143,#4fff00
Asia centrala,1987.0,33.625,32.258325,48198.310623421145,#4fff00
Asia centrala,1988.0,33.625,32.258325,48181.62999801948,#4fff00
Asia centrala,1989.0,33.625,32.258325,48164.966396791955,#4eff00
Asia centrala,1990.0,33.625,32.258325,48148.319810631656,#4eff00
Asia centrala,1991.0,33.625,32.258325,48131.69023041555,#4eff00
Asia centrala,1992.0,33.625,32.258325,48115.0776470059,#4dff00
Asia centrala,1993.0,33.625,32.258325,48098.48205124113,#4dff00
Asia centrala,1994.0,33.625,32.258325,48081.90343393445,#4dff00
Asia centrala,1995.0,33.625,32.258325,48065.34178588855,#4cff00
Asia centrala,1996.0,33.625,32.258325,48048.79709788509,#4cff00
Asia centrala,1997.0,33.625,32.258325,48032.269360688246,#4cff00
Asia centrala,1998.0,33.625,32.258325,48015.758565036915,#4bff00
Asia centrala,1999.0,33.625,32.258325,47999.26470165882,#4bff00
Asia centrala,2000.0,33.625,32.258325,47982.78776125716,#4bff00
Asia centrala,2001.0,33.625,32.258325,47966.32773451969,#4aff00
Asia centrala,2002.0,33.625,32.258325,47949.88461211175,#4aff00
Asia centrala,2003.0,33.625,32.258325,47933.458384690304,#4aff00
Asia centrala,2004.0,33.625,32.258325,47917.04904287582,#49ff00
Asia centrala,2005.0,33.625,32.258325,47900.65657729302,#49ff00
Asia centrala,2006.0,33.625,32.258325,47884.28097853226,#49ff00
Asia centrala,2007.0,33.625,32.258325,47867.9222371664,#48ff00
Asia centrala,2008.0,33.625,32.258325,47851.58034375846,#48ff00
Asia centrala,2009.0,33.625,32.258325,47835.25528884907,#48ff00
Asia centrala,2010.0,33.625,32.258325,47818.947062962005,#47ff00
Asia centrala,2011.0,33.625,32.258325,47802.65565659655,#47ff00
Asia centrala,2012.0,33.625,32.258325,47786.38106024637,#46ff00
Asia centrala,2013.0,33.625,32.258325,47770.12326438129,#46ff00
Asia centrala,2014.0,33.625,32.258325,47753.88225945013,#46ff00
Asia centrala,2015.0,33.625,32.258325,47737.65803588909,#45ff00
Asia centrala,2016.0,33.625,32.258325,47721.45058411477,#45ff00
Asia centrala,2017.0,33.625,32.258325,47705.259894529,#45ff00
Asia centrala,2018.0,33.625,32.258325,47689.08595751686,#4f0
Asia centrala,2019.0,33.625,32.258325,47672.92876343955,#4f0
Asia centrala,2020.0,33.625,32.258325,47656.788302645684,#4f0
Asia centrala,2021.0,33.625,32.258325,47640.66456547126,#43ff00
Asia centrala,2022.0,33.625,32.258325,47624.55754222915,#43ff00
Asia centrala,2023.0,33.625,32.258325,47608.46722321821,#43ff00
Asia centrala,2024.0,33.625,32.258325,47592.39359871697,#42ff00
Asia centrala,2025.0,33.625,32.258325,47576.33665899555,#42ff00
Asia centrala,2026.0,33.625,32.258325,47560.29639429885,#42ff00
Asia centrala,2027.0,33.625,32.258325,47544.27279485846,#41ff00
Asia centrala,2028.0,33.625,32.258325,47528.26585089054,#41ff00
Asia centrala,2029.0,33.625,32.258325,47512.275552592335,#41ff00
Asia centrala,2030.0,33.625,32.258325,47496.30189015199,#40ff00
Australia,1980.0,-27.0,133.0,68823.61601878918,red
Australia,1981.0,-27.0,133.0,68778.62561558932,#ff0100
Australia,1982.0,-27.0,133.0,68733.68683797872,#ff0200
Australia,1983.0,-27.0,133.0,68688.79964688583,#ff0300
Australia,1984.0,-27.0,133.0,68643.96400320405,#ff0400
Australia,1985.0,-27.0,133.0,68599.17986779382,#ff0500
Australia,1986.0,-27.0,133.0,68554.44720149391,#ff0600
Australia,1987.0,-27.0,133.0,68509.76596511011,#ff0700
Australia,1988.0,-27.0,133.0,68465.13611940759,#ff0700
Australia,1989.0,-27.0,133.0,68420.55762513538,#ff0800
Australia,1990.0,-27.0,133.0,68376.03044300468,#ff0900
Australia,1991.0,-27.0,133.0,68331.5545337015,#ff0a00
Australia,1992.0,-27.0,133.0,68287.12985788236,#ff0b00
Australia,1993.0,-27.0,133.0,68242.75637617368,#ff0c00
Australia,1994.0,-27.0,133.0,68198.43404916825,#ff0d00
Australia,1995.0,-27.0,133.0,68154.16283743922,#ff0e00
Australia,1996.0,-27.0,133.0,68109.9427015282,#ff0f00
Australia,1997.0,-27.0,133.0,68065.7736019488,#ff1000
Australia,1998.0,-27.0,133.0,68021.65549918378,#f10
Australia,1999.0,-27.0,133.0,67977.58835369346,#ff1200
Australia,2000.0,-27.0,133.0,67933.57212590385,#ff1300
Australia,2001.0,-27.0,133.0,67889.60677622346,#ff1400
Australia,2002.0,-27.0,133.0,67845.6922650278,#ff1400
Australia,2003.0,-27.0,133.0,67801.82855266299,#ff1500
Australia,2004.0,-27.0,133.0,67758.01559945695,#ff1600
Australia,2005.0,-27.0,133.0,67714.2533657032,#ff1700
Australia,2006.0,-27.0,133.0,67670.54181167293,#ff1800
Australia,2007.0,-27.0,133.0,67626.8808976169,#ff1900
Australia,2008.0,-27.0,133.0,67583.2705837474,#ff1a00
Australia,2009.0,-27.0,133.0,67539.7108302627,#ff1b00
Australia,2010.0,-27.0,133.0,67496.20159733582,#ff1c00
Australia,2011.0,-27.0,133.0,67452.74284510197,#ff1d00
Australia,2012.0,-27.0,133.0,67409.33453368788,#ff1e00
Australia,2013.0,-27.0,133.0,67365.97662318817,#ff1e00
Australia,2014.0,-27.0,133.0,67322.66907366649,#ff1f00
Australia,2015.0,-27.0,133.0,67279.41184518028,#ff2000
Australia,2016.0,-27.0,133.0,67236.20489774559,#ff2100
Australia,2017.0,-27.0,133.0,67193.04819136378,#f20
Australia,2018.0,-27.0,133.0,67149.94168601377,#ff2300
Australia,2019.0,-27.0,133.0,67106.88534164225,#ff2400
Australia,2020.0,-27.0,133.0,67063.87911818469,#ff2500
Australia,2021.0,-27.0,133.0,67020.92297554083,#ff2600
Australia,2022.0,-27.0,133.0,66978.01687360411,#ff2700
Australia,2023.0,-27.0,133.0,66935.16077223222,#ff2700
Australia,2024.0,-27.0,133.0,66892.35463126744,#ff2800
Australia,2025.0,-27.0,133.0,66849.59841052261,#ff2900
Australia,2026.0,-27.0,133.0,66806.89206979728,#ff2a00
Australia,2027.0,-27.0,133.0,66764.23556886223,#ff2b00
Australia,2028.0,-27.0,133.0,66721.62886747846,#ff2c00
Australia,2029.0,-27.0,133.0,66679.07192537474,#ff2d00
Australia,2030.0,-27.0,133.0,66636.56470226159,#ff2e00
Europa centrala,1980.0,48.0625,16.733325,45428.13484060383,#15ff00
Europa centrala,1981.0,48.0625,16.733325,45415.303656125805,#15ff00
Europa centrala,1982.0,48.0625,16.733325,45402.484698188884,#15ff00
Europa centrala,1983.0,48.0625,16.733325,45389.677962059526,#14ff00
Europa centrala,1984.0,48.0625,16.733325,45376.88344298876,#14ff00
Europa centrala,1985.0,48.0625,16.733325,45364.10113619889,#14ff00
Europa centrala,1986.0,48.0625,16.733325,45351.331036906624,#14ff00
Europa centrala,1987.0,48.0625,16.733325,45338.57314030623,#13ff00
Europa centrala,1988.0,48.0625,16.733325,45325.827441560454,#13ff00
Europa centrala,1989.0,48.0625,16.733325,45313.09393583273,#13ff00
Europa centrala,1990.0,48.0625,16.733325,45300.37261826058,#13ff00
Europa centrala,1991.0,48.0625,16.733325,45287.6634839563,#12ff00
Europa centrala,1992.0,48.0625,16.733325,45274.966528031466,#12ff00
Europa centrala,1993.0,48.0625,16.733325,45262.281745560525,#12ff00
Europa centrala,1994.0,48.0625,16.733325,45249.60913161583,#1f0
Europa centrala,1995.0,48.0625,16.733325,45236.948681238886,#1f0
Europa centrala,1996.0,48.0625,16.733325,45224.3003894614,#1f0
Europa centrala,1997.0,48.0625,16.733325,45211.66425129896,#1f0
Europa centrala,1998.0,48.0625,16.733325,45199.04026174121,#10ff00
Europa centrala,1999.0,48.0625,16.733325,45186.42841576521,#10ff00
Europa centrala,2000.0,48.0625,16.733325,45173.828708333276,#10ff00
Europa centrala,2001.0,48.0625,16.733325,45161.24113438391,#10ff00
Europa centrala,2002.0,48.0625,16.733325,45148.66568884932,#0fff00
Europa centrala,2003.0,48.0625,16.733325,45136.102366629464,#0fff00
Europa centrala,2004.0,48.0625,16.733325,45123.551162615884,#0fff00
Europa centrala,2005.0,48.0625,16.733325,45111.01207167983,#0fff00
Europa centrala,2006.0,48.0625,16.733325,45098.4850886834,#0eff00
Europa centrala,2007.0,48.0625,16.733325,45085.970208458595,#0eff00
Europa centrala,2008.0,48.0625,16.733325,45073.46742583321,#0eff00
Europa centrala,2009.0,48.0625,16.733325,45060.97673560768,#0eff00
Europa centrala,2010.0,48.0625,16.733325,45048.498132571964,#0dff00
Europa centrala,2011.0,48.0625,16.733325,45036.03161149918,#0dff00
Europa centrala,2012.0,48.0625,16.733325,45023.577167140735,#0dff00
Europa centrala,2013.0,48.0625,16.733325,45011.134794236124,#0dff00
Europa centrala,2014.0,48.0625,16.733325,44998.704487509414,#0cff00
Europa centrala,2015.0,48.0625,16.733325,44986.28624166226,#0cff00
Europa centrala,2016.0,48.0625,16.733325,44973.88005138439,#0cff00
Europa centrala,2017.0,48.0625,16.733325,44961.48591134944,#0bff00
Europa centrala,2018.0,48.0625,16.733325,44949.10381621209,#0bff00
Europa centrala,2019.0,48.0625,16.733325,44936.73376061094,#0bff00
Europa centrala,2020.0,48.0625,16.733325,44924.37573917055,#0bff00
Europa centrala,2021.0,48.0625,16.733325,44912.02974650148,#0aff00
Europa centrala,2022.0,48.0625,16.733325,44899.695777191155,#0aff00
Europa centrala,2023.0,48.0625,16.733325,44887.373825817886,#0aff00
Europa centrala,2024.0,48.0625,16.733325,44875.06388693547,#0aff00
Europa centrala,2025.0,48.0625,16.733325,44862.76595509631,#09ff00
Europa centrala,2026.0,48.0625,16.733325,44850.48002482264,#09ff00
Europa centrala,2027.0,48.0625,16.733325,44838.206090624124,#09ff00
Europa centrala,2028.0,48.0625,16.733325,44825.9441470062,#09ff00
Europa centrala,2029.0,48.0625,16.733325,44813.694188441375,#08ff00
Europa centrala,2030.0,48.0625,16.733325,44801.45620939654,#08ff00
Asia de sud,1980.0,22.53125,76.625,58218.16689684285,#ffde00
Asia de sud,1981.0,22.53125,76.625,58187.75922137416,#ffde00
Asia de sud,1982.0,22.53125,76.625,58157.385295718595,#ffdf00
Asia de sud,1983.0,22.53125,76.625,58127.04509641234,#ffdf00
Asia de sud,1984.0,22.53125,76.625,58096.73859995934,#ffe000
Asia de sud,1985.0,22.53125,76.625,58066.465782837615,#ffe100
Asia de sud,1986.0,22.53125,76.625,58036.22662151186,#ffe100
Asia de sud,1987.0,22.53125,76.625,58006.02109240615,#ffe200
Asia de sud,1988.0,22.53125,76.625,57975.849171929105,#ffe300
Asia de sud,1989.0,22.53125,76.625,57945.71083646627,#ffe300
Asia de sud,1990.0,22.53125,76.625,57915.60606236951,#ffe400
Asia de sud,1991.0,22.53125,76.625,57885.534825974595,#ffe500
Asia de sud,1992.0,22.53125,76.625,57855.49710358856,#ffe500
Asia de sud,1993.0,22.53125,76.625,57825.492871502334,#ffe600
Asia de sud,1994.0,22.53125,76.625,57795.52210596898,#ffe600
Asia de sud,1995.0,22.53125,76.625,57765.58478323106,#ffe700
Asia de sud,1996.0,22.53125,76.625,57735.68087950173,#ffe800
Asia de sud,1997.0,22.53125,76.625,57705.81037096889,#ffe800
Asia de sud,1998.0,22.53125,76.625,57675.97323380011,#ffe900
Asia de sud,1999.0,22.53125,76.625,57646.16944413987,#ffea00
Asia de sud,2000.0,22.53125,76.625,57616.39897811021,#ffea00
Asia de sud,2001.0,22.53125,76.625,57586.66181181072,#ffeb00
Asia de sud,2002.0,22.53125,76.625,57556.95792131301,#ffeb00
Asia de sud,2003.0,22.53125,76.625,57527.28728267044,#ffec00
Asia de sud,2004.0,22.53125,76.625,57497.649871918846,#ffed00
Asia de sud,2005.0,22.53125,76.625,57468.04566506185,#ffed00
Asia de sud,2006.0,22.53125,76.625,57438.47463808974,#fe0
Asia de sud,2007.0,22.53125,76.625,57408.93676696339,#fe0
Asia de sud,2008.0,22.53125,76.625,57379.43202762473,#ffef00
Asia de sud,2009.0,22.53125,76.625,57349.96039599961,#fff000
Asia de sud,2010.0,22.53125,76.625,57320.52184798512,#fff000
Asia de sud,2011.0,22.53125,76.625,57291.116359461535,#fff100
Asia de sud,2012.0,22.53125,76.625,57261.74390628952,#fff200
Asia de sud,2013.0,22.53125,76.625,57232.40446429679,#fff200
Asia de sud,2014.0,22.53125,76.625,57203.098009301975,#fff300
Asia de sud,2015.0,22.53125,76.625,57173.82451710406,#fff300
Asia de sud,2016.0,22.53125,76.625,57144.583963476805,#fff400
Asia de sud,2017.0,22.53125,76.625,57115.37632416876,#fff500
Asia de sud,2018.0,22.53125,76.625,57086.20157491795,#fff500
Asia de sud,2019.0,22.53125,76.625,57057.05969143857,#fff600
Asia de sud,2020.0,22.53125,76.625,57027.95064942031,#fff600
Asia de sud,2021.0,22.53125,76.625,56998.87442454303,#fff700
Asia de sud,2022.0,22.53125,76.625,56969.830992451556,#fff800
Asia de sud,2023.0,22.53125,76.625,56940.82032878932,#fff800
Asia de sud,2024.0,22.53125,76.625,56911.84240916751,#fff900
Asia de sud,2025.0,22.53125,76.625,56882.89720917911,#fff900
Asia de sud,2026.0,22.53125,76.625,56853.98470440587,#fffa00
Asia de sud,2027.0,22.53125,76.625,56825.10487040644,#fffb00
Asia de sud,2028.0,22.53125,76.625,56796.257682715615,#fffb00
Asia de sud,2029.0,22.53125,76.625,56767.4431168535,#fffc00
Asia de sud,2030.0,22.53125,76.625,56738.66114832619,#fffc00
America centrala,1980.0,14.765154545454545,-77.86666363636364,21071.07747721581,#0016ff
America centrala,1981.0,14.765154545454545,-77.86666363636364,21091.691608158653,#0017ff
America centrala,1982.0,14.765154545454545,-77.86666363636364,21112.277071420573,#0017ff
America centrala,1983.0,14.765154545454545,-77.86666363636364,21132.833897704102,#0018ff
America centrala,1984.0,14.765154545454545,-77.86666363636364,21153.362117706183,#0018ff
America centrala,1985.0,14.765154545454545,-77.86666363636364,21173.86176211533,#0019ff
America centrala,1986.0,14.765154545454545,-77.86666363636364,21194.332861617277,#0019ff
America centrala,1987.0,14.765154545454545,-77.86666363636364,21214.775446888627,#0019ff
America centrala,1988.0,14.765154545454545,-77.86666363636364,21235.189548612296,#001aff
America centrala,1989.0,14.765154545454545,-77.86666363636364,21255.575197448787,#001aff
America centrala,1990.0,14.765154545454545,-77.86666363636364,21275.9324240677,#001bff
America centrala,1991.0,14.765154545454545,-77.86666363636364,21296.261259123225,#001bff
America centrala,1992.0,14.765154545454545,-77.86666363636364,21316.561733270948,#001bff
America centrala,1993.0,14.765154545454545,-77.86666363636364,21336.833877151043,#001cff
America centrala,1994.0,14.765154545454545,-77.86666363636364,21357.077721410693,#001cff
America centrala,1995.0,14.765154545454545,-77.86666363636364,21377.293296678858,#001dff
America centrala,1996.0,14.765154545454545,-77.86666363636364,21397.480633583793,#001dff
America centrala,1997.0,14.765154545454545,-77.86666363636364,21417.639762748862,#001eff
America centrala,1998.0,14.765154545454545,-77.86666363636364,21437.770714788305,#001eff
America centrala,1999.0,14.765154545454545,-77.86666363636364,21457.873520310062,#001eff
America centrala,2000.0,14.765154545454545,-77.86666363636364,21477.948209915063,#001fff
America centrala,2001.0,14.765154545454545,-77.86666363636364,21497.99481420214,#001fff
America centrala,2002.0,14.765154545454545,-77.86666363636364,21518.013363755403,#0020ff
America centrala,2003.0,14.765154545454545,-77.86666363636364,21538.003889160365,#0020ff
America centrala,2004.0,14.765154545454545,-77.86666363636364,21557.966420986428,#0021ff
America centrala,2005.0,14.765154545454545,-77.86666363636364,21577.90098980649,#0021ff
America centrala,2006.0,14.765154545454545,-77.86666363636364,21597.80762617734,#0021ff
America centrala,2007.0,14.765154545454545,-77.86666363636364,21617.68636065155,#02f
America centrala,2008.0,14.765154545454545,-77.86666363636364,21637.537223779604,#02f
America centrala,2009.0,14.765154545454545,-77.86666363636364,21657.360246093052,#0023ff
America centrala,2010.0,14.765154545454545,-77.86666363636364,21677.155458129768,#0023ff
America centrala,2011.0,14.765154545454545,-77.86666363636364,21696.922890409387,#0023ff
America centrala,2012.0,14.765154545454545,-77.86666363636364,21716.66257344385,#0024ff
America centrala,2013.0,14.765154545454545,-77.86666363636364,21736.37453774159,#0024ff
America centrala,2014.0,14.765154545454545,-77.86666363636364,21756.058813808933,#0025ff
America centrala,2015.0,14.765154545454545,-77.86666363636364,21775.715432131194,#0025ff
America centrala,2016.0,14.765154545454545,-77.86666363636364,21795.34442319157,#0026ff
America centrala,2017.0,14.765154545454545,-77.86666363636364,21814.945817467666,#0026ff
America centrala,2018.0,14.765154545454545,-77.86666363636364,21834.519645427972,#0026ff
America centrala,2019.0,14.765154545454545,-77.86666363636364,21854.06593752696,#0027ff
America centrala,2020.0,14.765154545454545,-77.86666363636364,21873.584724218406,#0027ff
America centrala,2021.0,14.765154545454545,-77.86666363636364,21893.076035944876,#0028ff
America centrala,2022.0,14.765154545454545,-77.86666363636364,21912.539903132107,#0028ff
America centrala,2023.0,14.765154545454545,-77.86666363636364,21931.976356213556,#0028ff
America centrala,2024.0,14.765154545454545,-77.86666363636364,21951.385425597447,#0029ff
America centrala,2025.0,14.765154545454545,-77.86666363636364,21970.76714169481,#0029ff
America centrala,2026.0,14.765154545454545,-77.86666363636364,21990.121534899154,#002aff
America centrala,2027.0,14.765154545454545,-77.86666363636364,22009.44863560469,#002aff
America centrala,2028.0,14.765154545454545,-77.86666363636364,22028.74847418741,#002aff
America centrala,2029.0,14.765154545454545,-77.86666363636364,22048.021081015595,#002bff
America centrala,2030.0,14.765154545454545,-77.86666363636364,22067.266486451925,#002bff
Europa de est,1980.0,51.0,30.0,48738.27450565662,#5aff00
Europa de est,1981.0,51.0,30.0,48720.89636222069,#5aff00
Europa de est,1982.0,51.0,30.0,48703.53600963243,#5aff00
Europa de est,1983.0,51.0,30.0,48686.193438321745,#59ff00
Europa de est,1984.0,51.0,30.0,48668.8686386996,#59ff00
Europa de est,1985.0,51.0,30.0,48651.561601155256,#59ff00
Europa de est,1986.0,51.0,30.0,48634.27231605903,#58ff00
Europa de est,1987.0,51.0,30.0,48617.00077376375,#58ff00
Europa de est,1988.0,51.0,30.0,48599.74696459559,#57ff00
Europa de est,1989.0,51.0,30.0,48582.51087886322,#57ff00
Europa de est,1990.0,51.0,30.0,48565.29250685919,#57ff00
Europa de est,1991.0,51.0,30.0,48548.09183885783,#56ff00
Europa de est,1992.0,51.0,30.0,48530.90886510193,#56ff00
Europa de est,1993.0,51.0,30.0,48513.74357583078,#56ff00
Europa de est,1994.0,51.0,30.0,48496.59596124864,#5f0
Europa de est,1995.0,51.0,30.0,48479.466011550656,#5f0
Europa de est,1996.0,51.0,30.0,48462.35371691305,#5f0
Europa de est,1997.0,51.0,30.0,48445.259067485415,#54ff00
Europa de est,1998.0,51.0,30.0,48428.18205340474,#54ff00
Europa de est,1999.0,51.0,30.0,48411.122664789786,#54ff00
Europa de est,2000.0,51.0,30.0,48394.08089172708,#53ff00
Europa de est,2001.0,51.0,30.0,48377.05672430595,#53ff00
Europa de est,2002.0,51.0,30.0,48360.05015257999,#52ff00
Europa de est,2003.0,51.0,30.0,48343.061166593696,#52ff00
Europa de est,2004.0,51.0,30.0,48326.08975636491,#52ff00
Europa de est,2005.0,51.0,30.0,48309.13591189679,#51ff00
Europa de est,2006.0,51.0,30.0,48292.19962317983,#51ff00
Europa de est,2007.0,51.0,30.0,48275.280880176564,#51ff00
Europa de est,2008.0,51.0,30.0,48258.37967283545,#50ff00
Europa de est,2009.0,51.0,30.0,48241.49599109306,#50ff00
Europa de est,2010.0,51.0,30.0,48224.62982485234,#50ff00
Europa de est,2011.0,51.0,30.0,48207.7811640162,#4fff00
Europa de est,2012.0,51.0,30.0,48190.94999845816,#4fff00
Europa de est,2013.0,51.0,30.0,48174.1363180349,#4fff00
Europa de est,2014.0,51.0,30.0,48157.34011259119,#4eff00
Europa de est,2015.0,51.0,30.0,48140.561371950076,#4eff00
Europa de est,2016.0,51.0,30.0,48123.80008591779,#4eff00
Europa de est,2017.0,51.0,30.0,48107.05624428024,#4dff00
Europa de est,2018.0,51.0,30.0,48090.32983681143,#4dff00
Europa de est,2019.0,51.0,30.0,48073.62085326501,#4cff00
Europa de est,2020.0,51.0,30.0,48056.929283377154,#4cff00
Europa de est,2021.0,51.0,30.0,48040.2551168672,#4cff00
Europa de est,2022.0,51.0,30.0,48023.59834343836,#4bff00
Europa de est,2023.0,51.0,30.0,48006.95895277915,#4bff00
Europa de est,2024.0,51.0,30.0,47990.33693455633,#4bff00
Europa de est,2025.0,51.0,30.0,47973.73227842059,#4aff00
Europa de est,2026.0,51.0,30.0,47957.144974012765,#4aff00
Europa de est,2027.0,51.0,30.0,47940.57501094358,#4aff00
Europa de est,2028.0,51.0,30.0,47924.02237882306,#49ff00
Europa de est,2029.0,51.0,30.0,47907.487067236,#49ff00
Europa de est,2030.0,51.0,30.0,47890.96906574896,#49ff00
Europa de vest,1980.0,49.41332,3.4299999999999997,42343.80457677291,#00ff2b
Europa de vest,1981.0,49.41332,3.4299999999999997,42335.210478215966,#00ff2b
Europa de vest,1982.0,49.41332,3.4299999999999997,42326.62342105527,#00ff2c
Europa de vest,1983.0,49.41332,3.4299999999999997,42318.04340506239,#00ff2c
Europa de vest,1984.0,49.41332,3.4299999999999997,42309.47042999345,#00ff2c
Europa de vest,1985.0,49.41332,3.4299999999999997,42300.90449558219,#00ff2c
Europa de vest,1986.0,49.41332,3.4299999999999997,42292.34560155179,#00ff2c
Europa de vest,1987.0,49.41332,3.4299999999999997,42283.79374760305,#00ff2c
Europa de vest,1988.0,49.41332,3.4299999999999997,42275.24893342273,#00ff2d
Europa de vest,1989.0,49.41332,3.4299999999999997,42266.71115867937,#00ff2d
Europa de vest,1990.0,49.41332,3.4299999999999997,42258.180423026104,#00ff2d
Europa de vest,1991.0,49.41332,3.4299999999999997,42249.656726102054,#00ff2d
Europa de vest,1992.0,49.41332,3.4299999999999997,42241.14006752671,#00ff2d
Europa de vest,1993.0,49.41332,3.4299999999999997,42232.63044689854,#00ff2e
Europa de vest,1994.0,49.41332,3.4299999999999997,42224.12786381111,#00ff2e
Europa de vest,1995.0,49.41332,3.4299999999999997,42215.63231782997,#00ff2e
Europa de vest,1996.0,49.41332,3.4299999999999997,42207.14380851083,#00ff2e
Europa de vest,1997.0,49.41332,3.4299999999999997,42198.66233539401,#00ff2e
Europa de vest,1998.0,49.41332,3.4299999999999997,42190.18789800439,#00ff2e
Europa de vest,1999.0,49.41332,3.4299999999999997,42181.72049583675,#00ff2f
Europa de vest,2000.0,49.41332,3.4299999999999997,42173.260128390044,#00ff2f
Europa de vest,2001.0,49.41332,3.4299999999999997,42164.806795135206,#00ff2f
Europa de vest,2002.0,49.41332,3.4299999999999997,42156.36049552847,#00ff2f
Europa de vest,2003.0,49.41332,3.4299999999999997,42147.92122901272,#00ff2f
Europa de vest,2004.0,49.41332,3.4299999999999997,42139.48899501126,#00ff2f
Europa de vest,2005.0,49.41332,3.4299999999999997,42131.06379293405,#00ff30
Europa de vest,2006.0,49.41332,3.4299999999999997,42122.64562217776,#00ff30
Europa de vest,2007.0,49.41332,3.4299999999999997,42114.23448211801,#00ff30
Europa de vest,2008.0,49.41332,3.4299999999999997,42105.83037211152,#00ff30
Europa de vest,2009.0,49.41332,3.4299999999999997,42097.43329151571,#00ff30
Europa de vest,2010.0,49.41332,3.4299999999999997,42089.04323965364,#00ff31
Europa de vest,2011.0,49.41332,3.4299999999999997,42080.6602158463,#00ff31
Europa de vest,2012.0,49.41332,3.4299999999999997,42072.28421938243,#00ff31
Europa de vest,2013.0,49.41332,3.4299999999999997,42063.91524955218,#00ff31
Europa de vest,2014.0,49.41332,3.4299999999999997,42055.55330562886,#00ff31
Europa de vest,2015.0,49.41332,3.4299999999999997,42047.19838685918,#00ff31
Europa de vest,2016.0,49.41332,3.4299999999999997,42038.85049247792,#00ff32
Europa de vest,2017.0,49.41332,3.4299999999999997,42030.50962171705,#00ff32
Europa de vest,2018.0,49.41332,3.4299999999999997,42022.17577377423,#00ff32
Europa de vest,2019.0,49.41332,3.4299999999999997,42013.8489478443,#00ff32
Europa de vest,2020.0,49.41332,3.4299999999999997,42005.52914310667,#00ff32
Europa de vest,2021.0,49.41332,3.4299999999999997,41997.21635871485,#00ff32
Europa de vest,2022.0,49.41332,3.4299999999999997,41988.91059382094,#0f3
Europa de vest,2023.0,49.41332,3.4299999999999997,41980.6118475553,#0f3
Europa de vest,2024.0,49.41332,3.4299999999999997,41972.3201190301,#0f3
Europa de vest,2025.0,49.41332,3.4299999999999997,41964.03540735116,#0f3
Europa de vest,2026.0,49.41332,3.4299999999999997,41955.75771160123,#0f3
Europa de vest,2027.0,49.41332,3.4299999999999997,41947.487030853204,#0f3
Europa de vest,2028.0,49.41332,3.4299999999999997,41939.22336416108,#00ff34
Europa de vest,2029.0,49.41332,3.4299999999999997,41930.96671056343,#00ff34
Europa de vest,2030.0,49.41332,3.4299999999999997,41922.71706909603,#00ff34
Africa de sud,1980.0,-22.0,24.0,43283.21874536076,#00ff18
Africa de sud,1981.0,-22.0,24.0,43273.32301123448,#00ff18
Africa de sud,1982.0,-22.0,24.0,43263.43592885806,#00ff18
Africa de sud,1983.0,-22.0,24.0,43253.55749657211,#00ff18
Africa de sud,1984.0,-22.0,24.0,43243.68771269694,#00ff18
Africa de sud,1985.0,-22.0,24.0,43233.82657554586,#00ff19
Africa de sud,1986.0,-22.0,24.0,43223.97408340204,#00ff19
Africa de sud,1987.0,-22.0,24.0,43214.13023454514,#00ff19
Africa de sud,1988.0,-22.0,24.0,43204.2950272233,#00ff19
Africa de sud,1989.0,-22.0,24.0,43194.46845967833,#00ff19
Africa de sud,1990.0,-22.0,24.0,43184.650530131745,#00ff1a
Africa de sud,1991.0,-22.0,24.0,43174.84123678403,#00ff1a
Africa de sud,1992.0,-22.0,24.0,43165.04057783075,#00ff1a
Africa de sud,1993.0,-22.0,24.0,43155.24855143315,#00ff1a
Africa de sud,1994.0,-22.0,24.0,43145.46515575036,#00ff1a
Africa de sud,1995.0,-22.0,24.0,43135.6903889142,#00ff1b
Africa de sud,1996.0,-22.0,24.0,43125.92424904946,#00ff1b
Africa de sud,1997.0,-22.0,24.0,43116.16673426203,#00ff1b
Africa de sud,1998.0,-22.0,24.0,43106.41784263045,#00ff1b
Africa de sud,1999.0,-22.0,24.0,43096.67757223328,#00ff1b
Africa de sud,2000.0,-22.0,24.0,43086.94592111823,#00ff1c
Africa de sud,2001.0,-22.0,24.0,43077.222887328826,#00ff1c
Africa de sud,2002.0,-22.0,24.0,43067.50846887914,#00ff1c
Africa de sud,2003.0,-22.0,24.0,43057.80266377765,#00ff1c
Africa de sud,2004.0,-22.0,24.0,43048.10547001321,#00ff1c
Africa de sud,2005.0,-22.0,24.0,43038.416885559964,#00ff1d
Africa de sud,2006.0,-22.0,24.0,43028.73690836893,#00ff1d
Africa de sud,2007.0,-22.0,24.0,43019.0655363827,#00ff1d
Africa de sud,2008.0,-22.0,24.0,43009.40276752778,#00ff1d
Africa de sud,2009.0,-22.0,24.0,42999.74859970682,#00ff1e
Africa de sud,2010.0,-22.0,24.0,42990.10303081549,#00ff1e
Africa de sud,2011.0,-22.0,24.0,42980.46605872421,#00ff1e
Africa de sud,2012.0,-22.0,24.0,42970.8376812999,#00ff1e
Africa de sud,2013.0,-22.0,24.0,42961.21789638497,#00ff1e
Africa de sud,2014.0,-22.0,24.0,42951.606701804994,#00ff1f
Africa de sud,2015.0,-22.0,24.0,42942.004095373646,#00ff1f
Africa de sud,2016.0,-22.0,24.0,42932.41007489268,#00ff1f
Africa de sud,2017.0,-22.0,24.0,42922.82463813722,#00ff1f
Africa de sud,2018.0,-22.0,24.0,42913.24778287539,#00ff1f
Africa de sud,2019.0,-22.0,24.0,42903.6795068578,#00ff20
Africa de sud,2020.0,-22.0,24.0,42894.11980782171,#00ff20
Africa de sud,2021.0,-22.0,24.0,42884.56868348342,#00ff20
Africa de sud,2022.0,-22.0,24.0,42875.02613154725,#00ff20
Africa de sud,2023.0,-22.0,24.0,42865.49214970427,#00ff20
Africa de sud,2024.0,-22.0,24.0,42855.966735629365,#00ff21
Africa de sud,2025.0,-22.0,24.0,42846.44988697506,#00ff21
Africa de sud,2026.0,-22.0,24.0,42836.94160138893,#00ff21
Africa de sud,2027.0,-22.0,24.0,42827.44187649966,#00ff21
Africa de sud,2028.0,-22.0,24.0,42817.95070991979,#00ff21
Africa de sud,2029.0,-22.0,24.0,42808.468099246464,#00ff21
Africa de sud,2030.0,-22.0,24.0,42798.994042062106,#0f2
Europa de sud,1980.0,42.89524285714286,9.821428571428571,43501.81438658592,#00ff13
Europa de sud,1981.0,42.89524285714286,9.821428571428571,43491.628594926166,#00ff13
Europa de sud,1982.0,42.89524285714286,9.821428571428571,43481.45179381143,#00ff13
Europa de sud,1983.0,42.89524285714286,9.821428571428571,43471.28398131046,#00ff14
Europa de sud,1984.0,42.89524285714286,9.821428571428571,43461.12515548218,#00ff14
Europa de sud,1985.0,42.89524285714286,9.821428571428571,43450.975314375,#00ff14
Europa de sud,1986.0,42.89524285714286,9.821428571428571,43440.83445600232,#00ff14
Europa de sud,1987.0,42.89524285714286,9.821428571428571,43430.7025783754,#00ff15
Europa de sud,1988.0,42.89524285714286,9.821428571428571,43420.57967947751,#00ff15
Europa de sud,1989.0,42.89524285714286,9.821428571428571,43410.46575728067,#00ff15
Europa de sud,1990.0,42.89524285714286,9.821428571428571,43400.360809738704,#00ff15
Europa de sud,1991.0,42.89524285714286,9.821428571428571,43390.26483478931,#00ff15
Europa de sud,1992.0,42.89524285714286,9.821428571428571,43380.17783035338,#00ff16
Europa de sud,1993.0,42.89524285714286,9.821428571428571,43370.099794327965,#00ff16
Europa de sud,1994.0,42.89524285714286,9.821428571428571,43360.030724603814,#00ff16
Europa de sud,1995.0,42.89524285714286,9.821428571428571,43349.97061904506,#00ff16
Europa de sud,1996.0,42.89524285714286,9.821428571428571,43339.919475506,#00ff16
Europa de sud,1997.0,42.89524285714286,9.821428571428571,43329.87729182063,#00ff17
Europa de sud,1998.0,42.89524285714286,9.821428571428571,43319.84406580753,#00ff17
Europa de sud,1999.0,42.89524285714286,9.821428571428571,43309.81979526635,#00ff17
Europa de sud,2000.0,42.89524285714286,9.821428571428571,43299.80447798272,#00ff17
Europa de sud,2001.0,42.89524285714286,9.821428571428571,43289.798111722674,#00ff17
Europa de sud,2002.0,42.89524285714286,9.821428571428571,43279.8006942424,#00ff18
Europa de sud,2003.0,42.89524285714286,9.821428571428571,43269.812223275,#00ff18
Europa de sud,2004.0,42.89524285714286,9.821428571428571,43259.83269653673,#00ff18
Europa de sud,2005.0,42.89524285714286,9.821428571428571,43249.86211173474,#00ff18
Europa de sud,2006.0,42.89524285714286,9.821428571428571,43239.90046654817,#00ff18
Europa de sud,2007.0,42.89524285714286,9.821428571428571,43229.94775864982,#00ff19
Europa de sud,2008.0,42.89524285714286,9.821428571428571,43220.003985697105,#00ff19
Europa de sud,2009.0,42.89524285714286,9.821428571428571,43210.06914532219,#00ff19
Europa de sud,2010.0,42.89524285714286,9.821428571428571,43200.14323514815,#00ff19
Europa de sud,2011.0,42.89524285714286,9.821428571428571,43190.226252781235,#00ff1a
Europa de sud,2012.0,42.89524285714286,9.821428571428571,43180.31819580946,#00ff1a
Europa de sud,2013.0,42.89524285714286,9.821428571428571,43170.41906180614,#00ff1a
Europa de sud,2014.0,42.89524285714286,9.821428571428571,43160.52884832638,#00ff1a
Europa de sud,2015.0,42.89524285714286,9.821428571428571,43150.64755291195,#00ff1a
Europa de sud,2016.0,42.89524285714286,9.821428571428571,43140.775173094815,#00ff1b
Europa de sud,2017.0,42.89524285714286,9.821428571428571,43130.91170637821,#00ff1b
Europa de sud,2018.0,42.89524285714286,9.821428571428571,43121.05715025628,#00ff1b
Europa de sud,2019.0,42.89524285714286,9.821428571428571,43111.21150221333,#00ff1b
Europa de sud,2020.0,42.89524285714286,9.821428571428571,43101.374759707745,#00ff1b
Europa de sud,2021.0,42.89524285714286,9.821428571428571,43091.546920187415,#00ff1c
Europa de sud,2022.0,42.89524285714286,9.821428571428571,43081.727981088305,#00ff1c
Europa de sud,2023.0,42.89524285714286,9.821428571428571,43071.91793981764,#00ff1c
Europa de sud,2024.0,42.89524285714286,9.821428571428571,43062.11679378687,#00ff1c
Europa de sud,2025.0,42.89524285714286,9.821428571428571,43052.324540380796,#00ff1c
Europa de sud,2026.0,42.89524285714286,9.821428571428571,43042.54117695971,#00ff1d
Europa de sud,2027.0,42.89524285714286,9.821428571428571,43032.76670089231,#00ff1d
Europa de sud,2028.0,42.89524285714286,9.821428571428571,43023.00110951295,#00ff1d
Europa de sud,2029.0,42.89524285714286,9.821428571428571,43013.24440014477,#00ff1d
Europa de sud,2030.0,42.89524285714286,9.821428571428571,43003.49657009831,#00ff1d
Africa de vest,1980.0,12.788891666666666,-7.463891666666666,37730.500022279615,#00ff8c
Africa de vest,1981.0,12.788891666666666,-7.463891666666666,37728.236877688265,#00ff8c
Africa de vest,1982.0,12.788891666666666,-7.463891666666666,37725.973037917116,#00ff8c
Africa de vest,1983.0,12.788891666666666,-7.463891666666666,37723.708509441065,#00ff8c
Africa de vest,1984.0,12.788891666666666,-7.463891666666666,37721.443298710496,#00ff8c
Africa de vest,1985.0,12.788891666666666,-7.463891666666666,37719.17741217018,#00ff8c
Africa de vest,1986.0,12.788891666666666,-7.463891666666666,37716.910856250885,#00ff8c
Africa de vest,1987.0,12.788891666666666,-7.463891666666666,37714.64363736232,#00ff8c
Africa de vest,1988.0,12.788891666666666,-7.463891666666666,37712.375761900934,#00ff8c
Africa de vest,1989.0,12.788891666666666,-7.463891666666666,37710.10723625403,#00ff8c
Africa de vest,1990.0,12.788891666666666,-7.463891666666666,37707.8380668005,#00ff8c
Africa de vest,1991.0,12.788891666666666,-7.463891666666666,37705.5682598807,#00ff8c
Africa de vest,1992.0,12.788891666666666,-7.463891666666666,37703.297821850436,#00ff8c
Africa de vest,1993.0,12.788891666666666,-7.463891666666666,37701.026759031825,#00ff8c
Africa de vest,1994.0,12.788891666666666,-7.463891666666666,37698.755077738606,#00ff8c
Africa de vest,1995.0,12.788891666666666,-7.463891666666666,37696.4827842719,#00ff8c
Africa de vest,1996.0,12.788891666666666,-7.463891666666666,37694.209884917414,#00ff8c
Africa de vest,1997.0,12.788891666666666,-7.463891666666666,37691.93638594192,#00ff8c
Africa de vest,1998.0,12.788891666666666,-7.463891666666666,37689.6622936052,#00ff8c
Africa de vest,1999.0,12.788891666666666,-7.463891666666666,37687.38761415722,#00ff8c
Africa de vest,2000.0,12.788891666666666,-7.463891666666666,37685.1123538171,#00ff8d
Africa de vest,2001.0,12.788891666666666,-7.463891666666666,37682.83651880469,#00ff8d
Africa de vest,2002.0,12.788891666666666,-7.463891666666666,37680.56011531879,#00ff8d
Africa de vest,2003.0,12.788891666666666,-7.463891666666666,37678.2831495484,#00ff8d
Africa de vest,2004.0,12.788891666666666,-7.463891666666666,37676.0056276678,#00ff8d
Africa de vest,2005.0,12.788891666666666,-7.463891666666666,37673.72755583166,#00ff8d
Africa de vest,2006.0,12.788891666666666,-7.463891666666666,37671.44894018483,#00ff8d
Africa de vest,2007.0,12.788891666666666,-7.463891666666666,37669.16978686096,#00ff8d
Africa de vest,2008.0,12.788891666666666,-7.463891666666666,37666.89010197686,#00ff8d
Africa de vest,2009.0,12.788891666666666,-7.463891666666666,37664.609891636035,#00ff8d
Africa de vest,2010.0,12.788891666666666,-7.463891666666666,37662.329161923786,#00ff8d
Africa de vest,2011.0,12.788891666666666,-7.463891666666666,37660.04791891909,#00ff8d
Africa de vest,2012.0,12.788891666666666,-7.463891666666666,37657.76616868061,#00ff8d
Africa de vest,2013.0,12.788891666666666,-7.463891666666666,37655.48391725579,#00ff8d
Africa de vest,2014.0,12.788891666666666,-7.463891666666666,37653.20117068017,#00ff8d
Africa de vest,2015.0,12.788891666666666,-7.463891666666666,37650.91793497176,#00ff8d
Africa de vest,2016.0,12.788891666666666,-7.463891666666666,37648.63421613668,#00ff8d
Africa de vest,2017.0,12.788891666666666,-7.463891666666666,37646.350020166305,#00ff8d
Africa de vest,2018.0,12.788891666666666,-7.463891666666666,37644.065353038015,#00ff8d
Africa de vest,2019.0,12.788891666666666,-7.463891666666666,37641.78022071867,#00ff8d
Africa de vest,2020.0,12.788891666666666,-7.463891666666666,37639.49462915691,#00ff8d
Africa de vest,2021.0,12.788891666666666,-7.463891666666666,37637.20858429368,#00ff8e
Africa de vest,2022.0,12.788891666666666,-7.463891666666666,37634.922092044675,#00ff8e
Africa de vest,2023.0,12.788891666666666,-7.463891666666666,37632.63515832562,#00ff8e
Africa de vest,2024.0,12.788891666666666,-7.463891666666666,37630.34778902838,#00ff8e
Africa de vest,2025.0,12.788891666666666,-7.463891666666666,37628.05999003575,#00ff8e
Africa de vest,2026.0,12.788891666666666,-7.463891666666666,37625.77176721856,#00ff8e
Africa de vest,2027.0,12.788891666666666,-7.463891666666666,37623.48312643018,#00ff8e
Africa de vest,2028.0,12.788891666666666,-7.463891666666666,37621.194073507824,#00ff8e
Africa de vest,2029.0,12.788891666666666,-7.463891666666666,37618.9046142817,#00ff8e
Africa de vest,2030.0,12.788891666666666,-7.463891666666666,37616.61475457083,#00ff8e
Africa de est,1980.0,-3.473523529411765,37.150005882352936,47428.436226259655,#3fff00
Africa de est,1981.0,-3.473523529411765,37.150005882352936,47412.849099735686,#3fff00
Africa de est,1982.0,-3.473523529411765,37.150005882352936,47397.2775851272,#3eff00
Africa de est,1983.0,-3.473523529411765,37.150005882352936,47381.72167473859,#3eff00
Africa de est,1984.0,-3.473523529411765,37.150005882352936,47366.18136084972,#3eff00
Africa de est,1985.0,-3.473523529411765,37.150005882352936,47350.65663572995,#3dff00
Africa de est,1986.0,-3.473523529411765,37.150005882352936,47335.14749161851,#3dff00
Africa de est,1987.0,-3.473523529411765,37.150005882352936,47319.653920743396,#3dff00
Africa de est,1988.0,-3.473523529411765,37.150005882352936,47304.175915305306,#3cff00
Africa de est,1989.0,-3.473523529411765,37.150005882352936,47288.71346749441,#3cff00
Africa de est,1990.0,-3.473523529411765,37.150005882352936,47273.26656947705,#3cff00
Africa de est,1991.0,-3.473523529411765,37.150005882352936,47257.835213401355,#3bff00
Africa de est,1992.0,-3.473523529411765,37.150005882352936,47242.41939139303,#3bff00
Africa de est,1993.0,-3.473523529411765,37.150005882352936,47227.019095567266,#3bff00
Africa de est,1994.0,-3.473523529411765,37.150005882352936,47211.63431801472,#3aff00
Africa de est,1995.0,-3.473523529411765,37.150005882352936,47196.26505080225,#3aff00
Africa de est,1996.0,-3.473523529411765,37.150005882352936,47180.91128599108,#3aff00
Africa de est,1997.0,-3.473523529411765,37.150005882352936,47165.57301561512,#3aff00
Africa de est,1998.0,-3.473523529411765,37.150005882352936,47150.25023168584,#39ff00
Africa de est,1999.0,-3.473523529411765,37.150005882352936,47134.94292620913,#39ff00
Africa de est,2000.0,-3.473523529411765,37.150005882352936,47119.651091161424,#39ff00
Africa de est,2001.0,-3.473523529411765,37.150005882352936,47104.374718504456,#38ff00
Africa de est,2002.0,-3.473523529411765,37.150005882352936,47089.11380018454,#38ff00
Africa de est,2003.0,-3.473523529411765,37.150005882352936,47073.86832812275,#38ff00
Africa de est,2004.0,-3.473523529411765,37.150005882352936,47058.63829423458,#37ff00
Africa de est,2005.0,-3.473523529411765,37.150005882352936,47043.42369040326,#37ff00
Africa de est,2006.0,-3.473523529411765,37.150005882352936,47028.22450850224,#37ff00
Africa de est,2007.0,-3.473523529411765,37.150005882352936,47013.04074038742,#36ff00
Africa de est,2008.0,-3.473523529411765,37.150005882352936,46997.87237789791,#36ff00
Africa de est,2009.0,-3.473523529411765,37.150005882352936,46982.71941284827,#36ff00
Africa de est,2010.0,-3.473523529411765,37.150005882352936,46967.58183703837,#35ff00
Africa de est,2011.0,-3.473523529411765,37.150005882352936,46952.45964225544,#35ff00
Africa de est,2012.0,-3.473523529411765,37.150005882352936,46937.35282026921,#35ff00
Africa de est,2013.0,-3.473523529411765,37.150005882352936,46922.26136282698,#34ff00
Africa de est,2014.0,-3.473523529411765,37.150005882352936,46907.185261658524,#34ff00
Africa de est,2015.0,-3.473523529411765,37.150005882352936,46892.12450848032,#34ff00
Africa de est,2016.0,-3.473523529411765,37.150005882352936,46877.07909499271,#34ff00
Africa de est,2017.0,-3.473523529411765,37.150005882352936,46862.04901287292,#3f0
Africa de est,2018.0,-3.473523529411765,37.150005882352936,46847.03425378836,#3f0
Africa de est,2019.0,-3.473523529411765,37.150005882352936,46832.03480938404,#3f0
Africa de est,2020.0,-3.473523529411765,37.150005882352936,46817.05067129441,#32ff00
Africa de est,2021.0,-3.473523529411765,37.150005882352936,46802.08183112875,#32ff00
Africa de est,2022.0,-3.473523529411765,37.150005882352936,46787.12828048999,#32ff00
Africa de est,2023.0,-3.473523529411765,37.150005882352936,46772.19001095305,#31ff00
Africa de est,2024.0,-3.473523529411765,37.150005882352936,46757.26701408513,#31ff00
Africa de est,2025.0,-3.473523529411765,37.150005882352936,46742.359281436635,#31ff00
Africa de est,2026.0,-3.473523529411765,37.150005882352936,46727.46680453482,#30ff00
Africa de est,2027.0,-3.473523529411765,37.150005882352936,46712.589574899255,#30ff00
Africa de est,2028.0,-3.473523529411765,37.150005882352936,46697.72758403126,#30ff00
Africa de est,2029.0,-3.473523529411765,37.150005882352936,46682.880823406245,#2fff00
Africa de est,2030.0,-3.473523529411765,37.150005882352936,46668.04928449823,#2fff00
America de nord,1980.0,38.7,-77.63334,22455.076999441844,#03f
America de nord,1981.0,38.7,-77.63334,22473.794706679364,#0034ff
America de nord,1982.0,38.7,-77.63334,22492.48605811672,#0034ff
America de nord,1983.0,38.7,-77.63334,22511.151082462824,#0034ff
America de nord,1984.0,38.7,-77.63334,22529.789808429392,#0035ff
America de nord,1985.0,38.7,-77.63334,22548.40226470712,#0035ff
America de nord,1986.0,38.7,-77.63334,22566.98847999932,#0036ff
America de nord,1987.0,38.7,-77.63334,22585.548482984766,#0036ff
America de nord,1988.0,38.7,-77.63334,22604.08230234925,#0036ff
America de nord,1989.0,38.7,-77.63334,22622.58996676805,#0037ff
America de nord,1990.0,38.7,-77.63334,22641.07150490593,#0037ff
America de nord,1991.0,38.7,-77.63334,22659.526945429763,#0038ff
America de nord,1992.0,38.7,-77.63334,22677.956316993103,#0038ff
America de nord,1993.0,38.7,-77.63334,22696.35964824109,#0038ff
America de nord,1994.0,38.7,-77.63334,22714.73696782238,#0039ff
America de nord,1995.0,38.7,-77.63334,22733.0883043688,#0039ff
America de nord,1996.0,38.7,-77.63334,22751.413686510783,#0039ff
America de nord,1997.0,38.7,-77.63334,22769.713142864042,#003aff
America de nord,1998.0,38.7,-77.63334,22787.986702054102,#003aff
America de nord,1999.0,38.7,-77.63334,22806.234392677758,#003bff
America de nord,2000.0,38.7,-77.63334,22824.456243339508,#003bff
America de nord,2001.0,38.7,-77.63334,22842.652282631243,#003bff
America de nord,2002.0,38.7,-77.63334,22860.822539135745,#003cff
America de nord,2003.0,38.7,-77.63334,22878.967041437194,#003cff
America de nord,2004.0,38.7,-77.63334,22897.085818104348,#003dff
America de nord,2005.0,38.7,-77.63334,22915.178897689162,#003dff
America de nord,2006.0,38.7,-77.63334,22933.24630875969,#003dff
America de nord,2007.0,38.7,-77.63334,22951.288079856677,#003eff
America de nord,2008.0,38.7,-77.63334,22969.30423952015,#003eff
America de nord,2009.0,38.7,-77.63334,22987.294816276826,#003eff
America de nord,2010.0,38.7,-77.63334,23005.259838659033,#003fff
America de nord,2011.0,38.7,-77.63334,23023.19933517247,#003fff
America de nord,2012.0,38.7,-77.63334,23041.113334328442,#0040ff
America de nord,2013.0,38.7,-77.63334,23059.001864620725,#0040ff
America de nord,2014.0,38.7,-77.63334,23076.86495454451,#0040ff
America de nord,2015.0,38.7,-77.63334,23094.702632576063,#0041ff
America de nord,2016.0,38.7,-77.63334,23112.514927190245,#0041ff
America de nord,2017.0,38.7,-77.63334,23130.301866847905,#0041ff
America de nord,2018.0,38.7,-77.63334,23148.063480007797,#0042ff
America de nord,2019.0,38.7,-77.63334,23165.79979511254,#0042ff
America de nord,2020.0,38.7,-77.63334,23183.510840600567,#0042ff
America de nord,2021.0,38.7,-77.63334,23201.19664490329,#0043ff
America de nord,2022.0,38.7,-77.63334,23218.857236432515,#0043ff
America de nord,2023.0,38.7,-77.63334,23236.492643606336,#04f
America de nord,2024.0,38.7,-77.63334,23254.102894819032,#04f
America de nord,2025.0,38.7,-77.63334,23271.688018464185,#04f
America de nord,2026.0,38.7,-77.63334,23289.24804292696,#0045ff
America de nord,2027.0,38.7,-77.63334,23306.782996578513,#0045ff
America de nord,2028.0,38.7,-77.63334,23324.29290777528,#0045ff
America de nord,2029.0,38.7,-77.63334,23341.777804876503,#0046ff
America de nord,2030.0,38.7,-77.63334,23359.237716228807,#0046ff
Asia de est,1980.0,36.3,117.1,68546.66707197482,#ff0600
Asia de est,1981.0,36.3,117.1,68502.06715934718,#ff0700
Asia de est,1982.0,36.3,117.1,68457.51837832683,#ff0800
Asia de est,1983.0,36.3,117.1,68413.02069029422,#ff0900
Asia de est,1984.0,36.3,117.1,68368.57405660732,#ff0a00
Asia de est,1985.0,36.3,117.1,68324.1784385835,#ff0a00
Asia de est,1986.0,36.3,117.1,68279.83379751419,#ff0b00
Asia de est,1987.0,36.3,117.1,68235.54009466276,#ff0c00
Asia de est,1988.0,36.3,117.1,68191.29729126109,#ff0d00
Asia de est,1989.0,36.3,117.1,68147.1053485088,#ff0e00
Asia de est,1990.0,36.3,117.1,68102.96422757607,#ff0f00
Asia de est,1991.0,36.3,117.1,68058.8738896142,#ff1000
Asia de est,1992.0,36.3,117.1,68014.83429573239,#f10
Asia de est,1993.0,36.3,117.1,67970.84540701186,#ff1200
Asia de est,1994.0,36.3,117.1,67926.90718451349,#ff1300
Asia de est,1995.0,36.3,117.1,67883.0195892652,#ff1400
Asia de est,1996.0,36.3,117.1,67839.18258226552,#ff1500
Asia de est,1997.0,36.3,117.1,67795.39612448843,#ff1500
Asia de est,1998.0,36.3,117.1,67751.66017687497,#ff1600
Asia de est,1999.0,36.3,117.1,67707.97470034308,#ff1700
Asia de est,2000.0,36.3,117.1,67664.33965578755,#ff1800
Asia de est,2001.0,36.3,117.1,67620.75500405976,#ff1900
Asia de est,2002.0,36.3,117.1,67577.22070600682,#ff1a00
Asia de est,2003.0,36.3,117.1,67533.73672243035,#ff1b00
Asia de est,2004.0,36.3,117.1,67490.30301411652,#ff1c00
Asia de est,2005.0,36.3,117.1,67446.91954181861,#ff1d00
Asia de est,2006.0,36.3,117.1,67403.58626627023,#ff1e00
Asia de est,2007.0,36.3,117.1,67360.30314817558,#ff1f00
Asia de est,2008.0,36.3,117.1,67317.07014821151,#ff1f00
Asia de est,2009.0,36.3,117.1,67273.88722703811,#ff2000
Asia de est,2010.0,36.3,117.1,67230.75434527475,#ff2100
Asia de est,2011.0,36.3,117.1,67187.67146353384,#f20
Asia de est,2012.0,36.3,117.1,67144.63854238925,#ff2300
Asia de est,2013.0,36.3,117.1,67101.65554239941,#ff2400
Asia de est,2014.0,36.3,117.1,67058.72242408982,#ff2500
Asia de est,2015.0,36.3,117.1,67015.8391479734,#ff2600
Asia de est,2016.0,36.3,117.1,66973.00567453078,#ff2700
Asia de est,2017.0,36.3,117.1,66930.22196422091,#ff2800
Asia de est,2018.0,36.3,117.1,66887.48797748028,#ff2800
Asia de est,2019.0,36.3,117.1,66844.80367471742,#ff2900
Asia de est,2020.0,36.3,117.1,66802.16901632884,#ff2a00
Asia de est,2021.0,36.3,117.1,66759.58396267472,#ff2b00
Asia de est,2022.0,36.3,117.1,66717.04847410326,#ff2c00
Asia de est,2023.0,36.3,117.1,66674.56251093883,#ff2d00
Asia de est,2024.0,36.3,117.1,66632.12603347572,#ff2e00
Asia de est,2025.0,36.3,117.1,66589.73900199487,#ff2f00
Asia de est,2026.0,36.3,117.1,66547.40137675268,#ff3000
Asia de est,2027.0,36.3,117.1,66505.11311798176,#ff3000
Asia de est,2028.0,36.3,117.1,66462.87418589789,#ff3100
Asia de est,2029.0,36.3,117.1,66420.68454069163,#ff3200
Asia de est,2030.0,36.3,117.1,66378.54414253877,#f30
Europa de nord,1980.0,59.875,10.625,44630.014405882,#05ff00
Europa de nord,1981.0,59.875,10.625,44618.28139948071,#04ff00
Europa de nord,1982.0,59.875,10.625,44606.559273002254,#04ff00
Europa de nord,1983.0,59.875,10.625,44594.84802287635,#04ff00
Europa de nord,1984.0,59.875,10.625,44583.14764553268,#04ff00
Europa de nord,1985.0,59.875,10.625,44571.45813737009,#03ff00
Europa de nord,1986.0,59.875,10.625,44559.77949477975,#03ff00
Europa de nord,1987.0,59.875,10.625,44548.11171412899,#03ff00
Europa de nord,1988.0,59.875,10.625,44536.45479176269,#03ff00
Europa de nord,1989.0,59.875,10.625,44524.80872401596,#02ff00
Europa de nord,1990.0,59.875,10.625,44513.173507204265,#02ff00
Europa de nord,1991.0,59.875,10.625,44501.54913762486,#02ff00
Europa de nord,1992.0,59.875,10.625,44489.935611558874,#02ff00
Europa de nord,1993.0,59.875,10.625,44478.33292526362,#01ff00
Europa de nord,1994.0,59.875,10.625,44466.74107498379,#01ff00
Europa de nord,1995.0,59.875,10.625,44455.16005694796,#01ff00
Europa de nord,1996.0,59.875,10.625,44443.5898673637,#01ff00
Europa de nord,1997.0,59.875,10.625,44432.030502422436,lime
Europa de nord,1998.0,59.875,10.625,44420.48195830229,lime
Europa de nord,1999.0,59.875,10.625,44408.94423115968,lime
Europa de nord,2000.0,59.875,10.625,44397.417317132065,lime
Europa de nord,2001.0,59.875,10.625,44385.90121234083,#00ff01
Europa de nord,2002.0,59.875,10.625,44374.39591290032,#00ff01
Europa de nord,2003.0,59.875,10.625,44362.901414894055,#00ff01
Europa de nord,2004.0,59.875,10.625,44351.41771439716,#00ff01
Europa de nord,2005.0,59.875,10.625,44339.944807460924,#00ff02
Europa de nord,2006.0,59.875,10.625,44328.482690124016,#00ff02
Europa de nord,2007.0,59.875,10.625,44317.0313584146,#00ff02
Europa de nord,2008.0,59.875,10.625,44305.59080833491,#00ff02
Europa de nord,2009.0,59.875,10.625,44294.161035870384,#00ff02
Europa de nord,2010.0,59.875,10.625,44282.74203699661,#00ff03
Europa de nord,2011.0,59.875,10.625,44271.33380766539,#00ff03
Europa de nord,2012.0,59.875,10.625,44259.93634382428,#00ff03
Europa de nord,2013.0,59.875,10.625,44248.549641387945,#00ff03
Europa de nord,2014.0,59.875,10.625,44237.173696267506,#00ff04
Europa de nord,2015.0,59.875,10.625,44225.808504349596,#00ff04
Europa de nord,2016.0,59.875,10.625,44214.4540615145,#00ff04
Europa de nord,2017.0,59.875,10.625,44203.11036361732,#00ff04
Europa de nord,2018.0,59.875,10.625,44191.77740649631,#00ff05
Europa de nord,2019.0,59.875,10.625,44180.455185981315,#00ff05
Europa de nord,2020.0,59.875,10.625,44169.143697881875,#00ff05
Europa de nord,2021.0,59.875,10.625,44157.842937993504,#00ff05
Europa de nord,2022.0,59.875,10.625,44146.5529020921,#00ff06
Europa de nord,2023.0,59.875,10.625,44135.27358594585,#00ff06
Europa de nord,2024.0,59.875,10.625,44124.0049852921,#00ff06
Europa de nord,2025.0,59.875,10.625,44112.74709586822,#00ff06
Europa de nord,2026.0,59.875,10.625,44101.499913391934,#00ff06
Europa de nord,2027.0,59.875,10.625,44090.26343355715,#00ff07
Europa de nord,2028.0,59.875,10.625,44079.037652055675,#00ff07
Europa de nord,2029.0,59.875,10.625,44067.82256455479,#00ff07
Europa de nord,2030.0,59.875,10.625,44056.61816670285,#00ff07
Asia de sud-est,1980.0,9.980957142857145,106.47142857142856,64588.36665842508,#ff5800
Asia de sud-est,1981.0,9.980957142857145,106.47142857142856,64549.202950210696,#ff5900
Asia de sud-est,1982.0,9.980957142857145,106.47142857142856,64510.08371955802,#ff5a00
Asia de sud-est,1983.0,9.980957142857145,106.47142857142856,64471.00893364544,#ff5b00
Asia de sud-est,1984.0,9.980957142857145,106.47142857142856,64431.978559621246,#ff5c00
Asia de sud-est,1985.0,9.980957142857145,106.47142857142856,64392.992564609165,#ff5d00
Asia de sud-est,1986.0,9.980957142857145,106.47142857142856,64354.05091569511,#ff5d00
Asia de sud-est,1987.0,9.980957142857145,106.47142857142856,64315.153579946054,#ff5e00
Asia de sud-est,1988.0,9.980957142857145,106.47142857142856,64276.30052439675,#ff5f00
Asia de sud-est,1989.0,9.980957142857145,106.47142857142856,64237.49171605882,#ff6000
Asia de sud-est,1990.0,9.980957142857145,106.47142857142856,64198.72712190955,#ff6100
Asia de sud-est,1991.0,9.980957142857145,106.47142857142856,64160.0067089024,#ff6100
Asia de sud-est,1992.0,9.980957142857145,106.47142857142856,64121.330443962106,#ff6200
Asia de sud-est,1993.0,9.980957142857145,106.47142857142856,64082.69829398886,#ff6300
Asia de sud-est,1994.0,9.980957142857145,106.47142857142856,64044.110225854856,#ff6400
Asia de sud-est,1995.0,9.980957142857145,106.47142857142856,64005.566206405616,#ff6500
Asia de sud-est,1996.0,9.980957142857145,106.47142857142856,63967.06620245938,#ff6500
Asia de sud-est,1997.0,9.980957142857145,106.47142857142856,63928.610180807715,#f60
Asia de sud-est,1998.0,9.980957142857145,106.47142857142856,63890.1981082212,#ff6700
Asia de sud-est,1999.0,9.980957142857145,106.47142857142856,63851.82995144307,#ff6800
Asia de sud-est,2000.0,9.980957142857145,106.47142857142856,63813.50567717872,#ff6900
Asia de sud-est,2001.0,9.980957142857145,106.47142857142856,63775.22525212653,#ff6900
Asia de sud-est,2002.0,9.980957142857145,106.47142857142856,63736.98864294987,#ff6a00
Asia de sud-est,2003.0,9.980957142857145,106.47142857142856,63698.795816288264,#ff6b00
Asia de sud-est,2004.0,9.980957142857145,106.47142857142856,63660.6467387574,#ff6c00
Asia de sud-est,2005.0,9.980957142857145,106.47142857142856,63622.54137694495,#ff6d00
Asia de sud-est,2006.0,9.980957142857145,106.47142857142856,63584.47969741617,#ff6d00
Asia de sud-est,2007.0,9.980957142857145,106.47142857142856,63546.46166671809,#ff6e00
Asia de sud-est,2008.0,9.980957142857145,106.47142857142856,63508.48725136619,#ff6f00
Asia de sud-est,2009.0,9.980957142857145,106.47142857142856,63470.556417849344,#ff7000
Asia de sud-est,2010.0,9.980957142857145,106.47142857142856,63432.66913264451,#ff7100
Asia de sud-est,2011.0,9.980957142857145,106.47142857142856,63394.82536219779,#ff7100
Asia de sud-est,2012.0,9.980957142857145,106.47142857142856,63357.0250729252,#ff7200
Asia de sud-est,2013.0,9.980957142857145,106.47142857142856,63319.26823123289,#ff7300
Asia de sud-est,2014.0,9.980957142857145,106.47142857142856,63281.55480349832,#ff7400
Asia de sud-est,2015.0,9.980957142857145,106.47142857142856,63243.88475607301,#ff7500
Asia de sud-est,2016.0,9.980957142857145,106.47142857142856,63206.25805528955,#ff7500
Asia de sud-est,2017.0,9.980957142857145,106.47142857142856,63168.674667459534,#ff7600
Asia de sud-est,2018.0,9.980957142857145,106.47142857142856,63131.13455886719,#f70
Asia de sud-est,2019.0,9.980957142857145,106.47142857142856,63093.637695781355,#ff7800
Asia de sud-est,2020.0,9.980957142857145,106.47142857142856,63056.18404444144,#ff7800
Asia de sud-est,2021.0,9.980957142857145,106.47142857142856,63018.77357107211,#ff7900
Asia de sud-est,2022.0,9.980957142857145,106.47142857142856,62981.406241872835,#ff7a00
Asia de sud-est,2023.0,9.980957142857145,106.47142857142856,62944.08202302345,#ff7b00
Asia de sud-est,2024.0,9.980957142857145,106.47142857142856,62906.80088068066,#ff7c00
Asia de sud-est,2025.0,9.980957142857145,106.47142857142856,62869.56278098577,#ff7c00
Asia de sud-est,2026.0,9.980957142857145,106.47142857142856,62832.367690049236,#ff7d00
Asia de sud-est,2027.0,9.980957142857145,106.47142857142856,62795.215573971,#ff7e00
Asia de sud-est,2028.0,9.980957142857145,106.47142857142856,62758.1063988244,#ff7f00
Asia de sud-est,2029.0,9.980957142857145,106.47142857142856,62721.04013066663,#ff7f00
Asia de sud-est,2030.0,9.980957142857145,106.47142857142856,62684.01673553248,#ff8000
Oceania,1980.0,-14.133325,78.979175,56755.67082096518,#fffc00
Oceania,1981.0,-14.133325,78.979175,56727.26701657393,#fffd00
Oceania,1982.0,-14.133325,78.979175,56698.894517200126,#fffd00
Oceania,1983.0,-14.133325,78.979175,56670.55330148007,#fffe00
Oceania,1984.0,-14.133325,78.979175,56642.24334803747,#fffe00
Oceania,1985.0,-14.133325,78.979175,56613.964635471515,yellow
Oceania,1986.0,-14.133325,78.979175,56585.71714235195,#feff00
Oceania,1987.0,-14.133325,78.979175,56557.500847228184,#feff00
Oceania,1988.0,-14.133325,78.979175,56529.31572862024,#fdff00
Oceania,1989.0,-14.133325,78.979175,56501.16176502987,#fdff00
Oceania,1990.0,-14.133325,78.979175,56473.03893493715,#fcff00
Oceania,1991.0,-14.133325,78.979175,56444.94721679338,#fbff00
Oceania,1992.0,-14.133325,78.979175,56416.88658902186,#fbff00
Oceania,1993.0,-14.133325,78.979175,56388.85703003466,#faff00
Oceania,1994.0,-14.133325,78.979175,56360.85851821165,#faff00
Oceania,1995.0,-14.133325,78.979175,56332.891031913736,#f9ff00
Oceania,1996.0,-14.133325,78.979175,56304.954549478716,#f8ff00
Oceania,1997.0,-14.133325,78.979175,56277.04904921778,#f8ff00
Oceania,1998.0,-14.133325,78.979175,56249.17450942526,#f7ff00
Oceania,1999.0,-14.133325,78.979175,56221.3309083696,#f7ff00
Oceania,2000.0,-14.133325,78.979175,56193.5182242961,#f6ff00
Oceania,2001.0,-14.133325,78.979175,56165.73643543043,#f6ff00
Oceania,2002.0,-14.133325,78.979175,56137.98551997516,#f5ff00
Oceania,2003.0,-14.133325,78.979175,56110.265456113215,#f4ff00
Oceania,2004.0,-14.133325,78.979175,56082.57622199671,#f4ff00
Oceania,2005.0,-14.133325,78.979175,56054.91779577142,#f3ff00
Oceania,2006.0,-14.133325,78.979175,56027.29015554672,#f3ff00
Oceania,2007.0,-14.133325,78.979175,55999.69327942566,#f2ff00
Oceania,2008.0,-14.133325,78.979175,55972.127145474136,#f2ff00
Oceania,2009.0,-14.133325,78.979175,55944.59173174476,#f1ff00
Oceania,2010.0,-14.133325,78.979175,55917.0870162719,#f0ff00
Oceania,2011.0,-14.133325,78.979175,55889.61297706752,#f0ff00
Oceania,2012.0,-14.133325,78.979175,55862.16959212043,#efff00
Oceania,2013.0,-14.133325,78.979175,55834.75683939705,#efff00
Oceania,2014.0,-14.133325,78.979175,55807.37469685327,#ef0
Oceania,2015.0,-14.133325,78.979175,55780.02314241345,#ef0
Oceania,2016.0,-14.133325,78.979175,55752.702153988634,#edff00
Oceania,2017.0,-14.133325,78.979175,55725.41170946814,#ecff00
Oceania,2018.0,-14.133325,78.979175,55698.151786721675,#ecff00
Oceania,2019.0,-14.133325,78.979175,55670.922363599326,#ebff00
Oceania,2020.0,-14.133325,78.979175,55643.72341792733,#ebff00
Oceania,2021.0,-14.133325,78.979175,55616.55492752075,#eaff00
Oceania,2022.0,-14.133325,78.979175,55589.41687017289,#eaff00
Oceania,2023.0,-14.133325,78.979175,55562.30922365186,#e9ff00
Oceania,2024.0,-14.133325,78.979175,55535.23196571662,#e8ff00
Oceania,2025.0,-14.133325,78.979175,55508.18507409745,#e8ff00
Oceania,2026.0,-14.133325,78.979175,55481.16852651056,#e7ff00
Oceania,2027.0,-14.133325,78.979175,55454.18230065399,#e7ff00
Oceania,2028.0,-14.133325,78.979175,55427.22637421034,#e6ff00
Oceania,2029.0,-14.133325,78.979175,55400.300724832065,#e6ff00
Oceania,2030.0,-14.133325,78.979175,55373.40533017025,#e5ff00
